{
  "version": 1,
  "kind": "centroid_l2",
  "classes": [
    "running",
    "standing",
    "walking"
  ],
  "centroids": [
    [
      0.9057398729332159,
      0.5472843691137157,
      1.4652853350405943,
      247.29520947807282,
      97.30526484435079,
      463.38198123050825,
      1.9163470478107056,
      4.237520286694297,
      0.6605569404567981,
      5.523883860875684,
      5.527967991268585,
      4.838224681043814
    ],
    [
      0.02642067749637104,
      0.5072505454123146,
      1.9652359256583787,
      12.764916147662031,
      7.8260933243117385,
      36.036940613371186,
      0.9983654887750958,
      1.0786974457882141,
      0.923531582235404,
      -2.7993993233301127,
      -2.552759485575552,
      -2.6088954141151968
    ],
    [
      0.22785473942341972,
      0.5594294742583472,
      1.5234093546893444,
      122.12279967943716,
      55.600939956818145,
      254.68554058303857,
      1.1111006342210774,
      1.6935146934524694,
      0.7190374873466726,
      3.053735327260856,
      2.8566385777740555,
      2.3245962943063296
    ]
  ],
  "meta": {
    "feature_names": [
      "acc_mag_std",
      "step_band_power_ratio",
      "step_band_peak_hz",
      "gyro_mag_mean",
      "gyro_mag_std",
      "gyro_mag_max",
      "acc_mag_mean",
      "acc_mag_max",
      "acc_mag_min",
      "log_spec_0p5_1p1",
      "log_spec_1p1_2p2",
      "log_spec_2p2_4"
    ],
    "window_s": 2.0,
    "stride_s": 1.0,
    "target_fs": 40.0,
    "classes": [
      "running",
      "standing",
      "walking"
    ],
    "n_windows": 110,
    "n_features": 12,
    "labeled_root": "/home/bernard/Downloads/metawear-baro-tools-master/labeled_data"
  }
}